Time,Day_of_week,Age_band_of_driver,Sex_of_driver,Educational_level,Vehicle_driver_relation,Driving_experience,Type_of_vehicle,Owner_of_vehicle,Service_year_of_vehicle,Defect_of_vehicle,Area_accident_occured,Lanes_or_Medians,Road_allignment,Types_of_Junction,Road_surface_type,Road_surface_conditions,Light_conditions,Weather_conditions,Type_of_collision,Number_of_vehicles_involved,Vehicle_movement,Pedestrian_movement,Cause_of_accident,Accident_severity
7:30:00,Tuesday,31-50,Male,Junior high school,Employee,1-2yr,Automobile,Owner,5-10yrs,No defect, Church areas,Undivided Two way,Tangent road with flat terrain,Y Shape,Asphalt roads,Wet or damp,Daylight,Normal,Vehicle with vehicle collision,2,Going straight,Not a Pedestrian,Moving Backward,Slight Injury
10:41:00,Wednesday,31-50,Male,Junior high school,Employee,2-5yr,Lorry (41?100Q),Owner,Unknown,No defect,Other,Two-way (divided with broken lines road marking),Tangent road with flat terrain,No junction,Asphalt roads,Wet or damp,Daylight,Other,Vehicle with vehicle collision,1,Going straight,Not a Pedestrian,No priority to pedestrian,Slight Injury
13:16:00,Wednesday,31-50,Male,Junior high school,Employee,Below 1yr,Other,Owner,Unknown,No defect,Other,One way,Tangent road with flat terrain,No junction,Asphalt roads,Wet or damp,Daylight,Raining,Vehicle with vehicle collision,2,Going straight,Not a Pedestrian,Changing lane to the left,Slight Injury
13:16:00,Wednesday,31-50,Male,Junior high school,Employee,Above 10yr,Pick up upto 10Q,Governmental,2-5yrs,No defect,  Recreational areas,Two-way (divided with broken lines road marking),Tangent road with flat terrain,No junction,Asphalt roads,Wet or damp,Daylight,Raining,Vehicle with vehicle collision,2,Going straight,Not a Pedestrian,No distancing,Slight Injury
13:16:00,Wednesday,31-50,Male,Junior high school,Employee,1-2yr,Stationwagen,Owner,2-5yrs,No defect,Other,Undivided Two way,Tangent road with flat terrain,No junction,Asphalt roads,Wet or damp,Daylight,Raining,Collision with pedestrians,2,Going straight,Not a Pedestrian,Other,Slight Injury
11:30:00,Thursday,18-30,Male,Above high school,Employee,5-10yr,Other,Owner,5-10yrs,No defect,Office areas,Undivided Two way,Tangent road with flat terrain,Y Shape,Other,Dry,Daylight,Normal,Collision with pedestrians,2,Moving Backward,Not a Pedestrian,No distancing,Slight Injury
11:30:00,Thursday,18-30,Male,Junior high school,Employee,5-10yr,Pick up upto 10Q,Owner,5-10yrs,No defect, Church areas,Two-way (divided with broken lines road marking),Tangent road with flat terrain,Y Shape,Asphalt roads,Dry,Daylight,Normal,Collision with roadside objects,2,Going straight,Not a Pedestrian,No priority to pedestrian,Slight Injury
16:20:00,Friday,Unknown,Female,Elementary school,Owner,Below 1yr,Stationwagen,Owner,2-5yrs,No defect,Office areas,Two-way (divided with broken lines road marking),Tangent road with flat terrain,Y Shape,Asphalt roads,Wet or damp,Darkness - lights lit,Normal,Collision with pedestrians,3,Going straight,Not a Pedestrian,Moving Backward,Slight Injury
16:20:00,Friday,31-50,Male,Junior high school,Unknown,5-10yr,Lorry (41?100Q),Owner,2-5yrs,No defect,Office areas,Undivided Two way,Tangent road with mountainous terrain and,Y Shape,Asphalt roads,Wet or damp,Darkness - lights lit,Normal,Vehicle with vehicle collision,3,Going straight,Not a Pedestrian,No priority to pedestrian,Slight Injury
16:20:00,Friday,Over 51,Unknown,Junior high school,Employee,Above 10yr,Automobile,Owner,2-5yrs,No defect,Other,Undivided Two way,Tangent road with flat terrain,Y Shape,Asphalt roads,Wet or damp,Darkness - lights lit,Normal,Vehicle with vehicle collision,3,Going straight,Not a Pedestrian,No distancing,Slight Injury
1:10:00,Friday,31-50,Male,Junior high school,Unknown,2-5yr,Automobile,Governmental,Unknown,No defect,Residential areas,Two-way (divided with broken lines road marking),Tangent road with flat terrain,No junction,Asphalt roads,Wet or damp,Darkness - lights lit,Normal,Vehicle with vehicle collision,1,Going straight,Not a Pedestrian,No priority to pedestrian,Serious Injury
20:40:00,Monday,18-30,Male,Junior high school,Employee,1-2yr,Automobile,Owner,2-5yrs,No defect,Office areas,Two-way (divided with broken lines road marking),Tangent road with mild grade and flat terrain,No junction,Asphalt roads,Wet or damp,Darkness - lights lit,Raining,Collision with roadside objects,2,Going straight,Not a Pedestrian,Driving carelessly,Serious Injury
20:40:00,Monday,18-30,Male,Junior high school,Owner,2-5yr,Automobile,Owner,2-5yrs,No defect,Residential areas,other,Tangent road with flat terrain,No junction,Asphalt roads,Wet or damp,Darkness - lights lit,Raining,Collision with roadside objects,2,Going straight,Not a Pedestrian,Getting off the vehicle improperly,Serious Injury
17:50:00,Wednesday,18-30,Male,Junior high school,Employee,unknown,Turbo,Owner,Unknown,No defect,Residential areas,Two-way (divided with broken lines road marking),Tangent road with flat terrain,No junction,Other,Wet or damp,Darkness - no lighting,Windy,Vehicle with vehicle collision,2,Going straight,Not a Pedestrian,Driving carelessly,Slight Injury
17:50:00,Wednesday,18-30,Unknown,Junior high school,Employee,Above 10yr,Lorry (41?100Q),Owner,Unknown,No defect,Other,Double carriageway (median),Tangent road with flat terrain,No junction,Asphalt roads,Wet or damp,Darkness - no lighting,Windy,Vehicle with vehicle collision,2,Going straight,Not a Pedestrian,Changing lane to the left,Slight Injury
17:50:00,Wednesday,18-30,Male,Junior high school,Owner,2-5yr,Stationwagen,Owner,Unknown,No defect, Hospital areas,One way,Tangent road with flat terrain,No junction,Asphalt roads,Wet or damp,Darkness - no lighting,Windy,Vehicle with vehicle collision,2,Going straight,Not a Pedestrian,No priority to vehicle,Slight Injury
17:11:00,Wednesday,Over 51,Male,Junior high school,Employee,5-10yr,Automobile,Governmental,1-2yr,No defect,Other,Undivided Two way,Tangent road with flat terrain,Y Shape,Asphalt roads,Wet or damp,Darkness - lights lit,Raining,Vehicle with vehicle collision,1,Going straight,Not a Pedestrian,Changing lane to the right,Slight Injury
21:03:00,Monday,18-30,Male,Junior high school,Employee,2-5yr,Automobile,Owner,2-5yrs,No defect,Other,Undivided Two way,Tangent road with flat terrain,O Shape,Asphalt roads,Wet or damp,Darkness - lights lit,Raining,Vehicle with vehicle collision,1,Going straight,Not a Pedestrian,Changing lane to the right,Serious Injury
15:20:00,Monday,18-30,Male,Junior high school,Employee,1-2yr,Automobile,Owner,Unknown,No defect,  Recreational areas,One way,Tangent road with mild grade and flat terrain,Y Shape,Asphalt roads,Dry,Daylight,Normal,Vehicle with vehicle collision,1,Going straight,Not a Pedestrian,No distancing,Slight Injury
18:30:00,Monday,Unknown,Female,Junior high school,Employee,5-10yr,Pick up upto 10Q,Owner,Unknown,No defect,Other,Undivided Two way,Tangent road with flat terrain,Y Shape,Asphalt roads,Wet or damp,Darkness - lights lit,Raining,Vehicle with vehicle collision,1,Going straight,Not a Pedestrian,No distancing,Slight Injury
8:15:00,Wednesday,Over 51,Male,Junior high school,Employee,2-5yr,Lorry (41?100Q),Owner,2-5yrs,No defect,Other,Undivided Two way,Tangent road with flat terrain,No junction,Asphalt roads,Dry,Daylight,Normal,Vehicle with vehicle collision,1,Going straight,Not a Pedestrian,Changing lane to the left,Slight Injury
15:20:00,Tuesday,Unknown,Female,Elementary school,Employee,5-10yr,Lorry (41?100Q),Owner,Unknown,No defect,Other,Undivided Two way,Tangent road with flat terrain,Crossing,Asphalt roads,Wet or damp,Darkness - no lighting,Normal,Vehicle with vehicle collision,1,Going straight,Not a Pedestrian,Changing lane to the right,Slight Injury
18:17:00,Friday,18-30,Unknown,Above high school,Owner,5-10yr,Automobile,Owner,Below 1yr,No defect,Office areas,Two-way (divided with broken lines road marking),Tangent road with flat terrain,Crossing,Asphalt roads,Wet or damp,Darkness - lights lit,Raining,Collision with roadside objects,2,Going straight,Not a Pedestrian,No priority to vehicle,Slight Injury
18:17:00,Friday,18-30,Male,Junior high school,Employee,2-5yr,Lorry (41?100Q),Owner,2-5yrs,No defect,Other,Two-way (divided with broken lines road marking),Tangent road with mild grade and flat terrain,Crossing,Other,Wet or damp,Darkness - lights lit,Raining,Collision with roadside objects,2,Reversing,Unknown or other,Changing lane to the left,Slight Injury
19:31:00,Wednesday,18-30,Male,Junior high school,Employee,2-5yr,Lorry (41?100Q),Owner,Unknown,No defect,Residential areas,Two-way (divided with broken lines road marking),Tangent road with flat terrain,Crossing,Asphalt roads,Wet or damp,Darkness - no lighting,Raining,Collision with pedestrians,2,Going straight,Crossing from driver's nearside,No priority to vehicle,Slight Injury
19:31:00,Wednesday,18-30,Male,Junior high school,Employee,2-5yr,Lorry (41?100Q),Owner,5-10yrs,No defect,Other,Undivided Two way,Tangent road with flat terrain,Crossing,Asphalt roads,Wet or damp,Darkness - no lighting,Raining,Vehicle with vehicle collision,2,Going straight,Not a Pedestrian,Moving Backward,Slight Injury
9:25:00,Friday,31-50,Unknown,Junior high school,Employee,5-10yr,Lorry (41?100Q),Owner,Unknown,No defect,Other,Undivided Two way,Tangent road with flat terrain,No junction,Asphalt roads,Wet or damp,Daylight,Normal,Vehicle with vehicle collision,2,Going straight,Not a Pedestrian,Turnover,Serious Injury
9:25:00,Friday,18-30,Male,Junior high school,Employee,1-2yr,Automobile,Owner,Unknown,No defect, Church areas,Undivided Two way,Tangent road with flat terrain,No junction,Asphalt roads,Wet or damp,Daylight,Normal,Vehicle with vehicle collision,2,Unknown,Crossing from driver's nearside,No distancing,Serious Injury
14:10:00,Wednesday,18-30,Male,Junior high school,Owner,2-5yr,Automobile,Owner,1-2yr,5,Office areas,Undivided Two way,Tangent road with flat terrain,No junction,Asphalt roads with some distress,Dry,Daylight,Normal,Vehicle with vehicle collision,2,Going straight,Not a Pedestrian,No distancing,Slight Injury
14:10:00,Wednesday,Over 51,Male,High school,Owner,2-5yr,Automobile,Owner,Above 10yr,No defect,School areas,other,Tangent road with flat terrain,No junction,Asphalt roads,Dry,Daylight,Normal,Vehicle with vehicle collision,2,Going straight,Not a Pedestrian,No distancing,Slight Injury
14:00:00,Friday,31-50,Male,Junior high school,Employee,5-10yr,Public (13?45 seats),Owner,2-5yrs,No defect,Other,Undivided Two way,Tangent road with flat terrain,Y Shape,Asphalt roads,Wet or damp,Daylight,Normal,Vehicle with vehicle collision,2,Going straight,Not a Pedestrian,Changing lane to the left,Slight Injury
14:00:00,Friday,31-50,Male,Junior high school,Owner,1-2yr,Automobile,Owner,1-2yr,No defect,Office areas,Undivided Two way,Tangent road with flat terrain,Y Shape,Asphalt roads,Wet or damp,Daylight,Normal,Vehicle with vehicle collision,2,Going straight,Not a Pedestrian,No priority to vehicle,Slight Injury
22:05:00,Tuesday,Unknown,Female,Junior high school,Unknown,Below 1yr,Public (13?45 seats),Owner,1-2yr,No defect,Residential areas,other,Steep grade downward with mountainous terrain,Crossing,Asphalt roads,Wet or damp,Darkness - lights lit,Normal,Vehicle with vehicle collision,2,Going straight,Not a Pedestrian,Driving at high speed,Slight Injury
22:05:00,Tuesday,Over 51,Male,High school,Employee,1-2yr,Public (13?45 seats),Owner,1-2yr,No defect, Industrial areas,One way,Tangent road with flat terrain,Crossing,Asphalt roads,Wet or damp,Darkness - lights lit,Normal,Vehicle with vehicle collision,2,Going straight,Not a Pedestrian,Overtaking,Slight Injury
7:00:00,Thursday,18-30,Male,Above high school,Employee,1-2yr,Automobile,Owner,2-5yrs,No defect,Other,Undivided Two way,Tangent road with flat terrain,Y Shape,Earth roads,Wet or damp,Darkness - lights lit,Windy,Collision with pedestrians,2,Unknown,Not a Pedestrian,Other,Slight Injury
7:00:00,Thursday,31-50,Male,Junior high school,Employee,Above 10yr,Lorry (11?40Q),Owner,1-2yr,No defect,Residential areas,Undivided Two way,Tangent road with flat terrain,Y Shape,Asphalt roads,Wet or damp,Darkness - lights lit,Windy,Collision with pedestrians,2,Moving Backward,Not a Pedestrian,Changing lane to the left,Slight Injury
7:35:00,Thursday,18-30,Male,High school,Employee,1-2yr,Automobile,Owner,1-2yr,No defect,  Recreational areas,Two-way (divided with broken lines road marking),Tangent road with flat terrain,Y Shape,Asphalt roads,Wet or damp,Darkness - lights lit,Raining,Vehicle with vehicle collision,2,Going straight,Not a Pedestrian,No priority to pedestrian,Slight Injury
7:35:00,Thursday,31-50,Unknown,Junior high school,Employee,2-5yr,Lorry (41?100Q),Owner,Unknown,7,Office areas,other,Tangent road with flat terrain,Y Shape,Asphalt roads,Wet or damp,Darkness - lights lit,Raining,Vehicle with vehicle collision,2,Turnover,Not a Pedestrian,Changing lane to the left,Slight Injury
8:43:00,Wednesday,31-50,Male,Above high school,Other,2-5yr,Other,Owner,Unknown,No defect, Outside rural areas,Two-way (divided with broken lines road marking),Tangent road with flat terrain,Y Shape,Asphalt roads,Wet or damp,Daylight,Raining,Vehicle with vehicle collision,2,Turnover,Not a Pedestrian,No distancing,Slight Injury
8:43:00,Wednesday,31-50,Male,High school,Employee,Above 10yr,Pick up upto 10Q,Owner,1-2yr,No defect, Outside rural areas,Two-way (divided with broken lines road marking),Tangent road with flat terrain,Y Shape,Asphalt roads,Wet or damp,Daylight,Raining,Vehicle with vehicle collision,2,Reversing,Not a Pedestrian,Moving Backward,Slight Injury
16:05:00,Tuesday,Over 51,Male,Elementary school,Employee,5-10yr,Lorry (11?40Q),Owner,1-2yr,No defect, Outside rural areas,Undivided Two way,Tangent road with flat terrain,Y Shape,Asphalt roads,Wet or damp,Daylight,Normal,Vehicle with vehicle collision,1,Reversing,Not a Pedestrian,Changing lane to the left,Serious Injury
22:05:00,Friday,18-30,Male,High school,Employee,1-2yr,Motorcycle,Governmental,Below 1yr,No defect, Outside rural areas,Undivided Two way,Tangent road with flat terrain,Y Shape,Asphalt roads,Wet or damp,Darkness - lights lit,Raining,Vehicle with vehicle collision,2,Reversing,Not a Pedestrian,Other,Serious Injury
22:05:00,Friday,18-30,Male,High school,Employee,5-10yr,Pick up upto 10Q,Owner,Above 10yr,No defect, Outside rural areas,other,Steep grade downward with mountainous terrain,Y Shape,Asphalt roads,Wet or damp,Darkness - lights lit,Raining,Vehicle with vehicle collision,2,Moving Backward,Not a Pedestrian,No distancing,Serious Injury
22:05:00,Friday,18-30,Male,High school,Employee,2-5yr,Lorry (11?40Q),Owner,1-2yr,No defect,School areas,other,Steep grade downward with mountainous terrain,Y Shape,Asphalt roads,Wet or damp,Darkness - lights lit,Raining,Vehicle with vehicle collision,2,Going straight,Not a Pedestrian,Moving Backward,Serious Injury
22:05:00,Friday,18-30,Male,Junior high school,Employee,1-2yr,Lorry (11?40Q),Owner,Above 10yr,No defect, Outside rural areas,Two-way (divided with broken lines road marking),Tangent road with flat terrain,Y Shape,Asphalt roads,Wet or damp,Darkness - lights lit,Raining,Vehicle with vehicle collision,2,Going straight,Not a Pedestrian,No distancing,Serious Injury
3:40:00,Saturday,18-30,Male,Above high school,Employee,Above 10yr,Automobile,Owner,Unknown,No defect, Outside rural areas,Undivided Two way,Tangent road with flat terrain,Y Shape,Asphalt roads,Wet or damp,Darkness - lights lit,Windy,Vehicle with vehicle collision,1,Going straight,Not a Pedestrian,Changing lane to the left,Slight Injury
9:25:00,Tuesday,Over 51,Male,Above high school,Employee,2-5yr,Automobile,Owner,2-5yrs,No defect, Outside rural areas,Two-way (divided with broken lines road marking),Escarpments,Crossing,Gravel roads,Dry,Daylight,Normal,Vehicle with vehicle collision,6,Going straight,Not a Pedestrian,Changing lane to the left,Slight Injury
9:25:00,Tuesday,Unknown,Female,Elementary school,Employee,5-10yr,Other,Owner,2-5yrs,No defect, Outside rural areas,Two-way (divided with broken lines road marking),Tangent road with mountainous terrain and,Crossing,Asphalt roads,Dry,Daylight,Normal,Vehicle with vehicle collision,6,Going straight,Not a Pedestrian,No priority to pedestrian,Slight Injury
9:25:00,Tuesday,Unknown,Female,Elementary school,Employee,1-2yr,Other,Owner,2-5yrs,No defect,Office areas,Undivided Two way,Tangent road with mountainous terrain and,Crossing,Asphalt roads,Dry,Daylight,Normal,Vehicle with vehicle collision,6,Going straight,Not a Pedestrian,Changing lane to the left,Slight Injury
9:25:00,Tuesday,Unknown,Female,Junior high school,Employee,5-10yr,Automobile,Owner,2-5yrs,No defect, Outside rural areas,Undivided Two way,Tangent road with mountainous terrain and,Crossing,Asphalt roads,Dry,Daylight,Normal,Vehicle with vehicle collision,6,Going straight,Not a Pedestrian,Driving carelessly,Slight Injury
9:25:00,Tuesday,Unknown,Female,Junior high school,Employee,5-10yr,Taxi,Owner,2-5yrs,No defect, Outside rural areas,Undivided Two way,Tangent road with mountainous terrain and,Crossing,Asphalt roads,Dry,Daylight,Normal,Vehicle with vehicle collision,6,Going straight,Not a Pedestrian,Driving carelessly,Slight Injury
9:25:00,Tuesday,Unknown,Female,Elementary school,Employee,5-10yr,Other,Owner,2-5yrs,No defect, Outside rural areas,Undivided Two way,Tangent road with flat terrain,Crossing,Asphalt roads,Dry,Daylight,Normal,Vehicle with vehicle collision,6,Going straight,Crossing from driver's nearside,No priority to pedestrian,Slight Injury
7:58:00,Thursday,Under 18,Male,Junior high school,Employee,2-5yr,Taxi,Owner,Unknown,No defect,Office areas,Undivided Two way,Tangent road with flat terrain,Y Shape,Asphalt roads,Wet or damp,Daylight,Raining,Vehicle with vehicle collision,2,Going straight,Unknown or other,Getting off the vehicle improperly,Slight Injury
7:58:00,Thursday,18-30,Male,Junior high school,Employee,5-10yr,Lorry (11?40Q),Owner,2-5yrs,No defect,  Recreational areas,Undivided Two way,Tangent road with flat terrain,Y Shape,Asphalt roads,Wet or damp,Daylight,Raining,Vehicle with vehicle collision,2,Going straight,Not a Pedestrian,No distancing,Slight Injury
20:15:00,Tuesday,18-30,Unknown,High school,Employee,2-5yr,Automobile,Owner,Above 10yr,No defect,Office areas,Undivided Two way,Tangent road with flat terrain,O Shape,Asphalt roads,Wet or damp,Darkness - no lighting,Raining,Vehicle with vehicle collision,2,Going straight,Not a Pedestrian,Changing lane to the left,Slight Injury
20:15:00,Tuesday,18-30,Male,Junior high school,Employee,1-2yr,Other,Owner,2-5yrs,No defect,Other,Two-way (divided with broken lines road marking),Tangent road with mild grade and flat terrain,O Shape,Asphalt roads,Wet or damp,Darkness - no lighting,Raining,Vehicle with vehicle collision,2,Going straight,Not a Pedestrian,No priority to vehicle,Slight Injury
17:10:00,Tuesday,18-30,Male,Junior high school,Employee,1-2yr,Automobile,Owner,Above 10yr,No defect,Residential areas,Two-way (divided with broken lines road marking),Tangent road with flat terrain,Y Shape,Asphalt roads,Wet or damp,Darkness - lights lit,Normal,Vehicle with vehicle collision,2,Going straight,Not a Pedestrian,No distancing,Slight Injury
17:10:00,Tuesday,31-50,Unknown,Junior high school,Employee,5-10yr,Automobile,Owner,Above 10yr,No defect,Residential areas,other,Tangent road with flat terrain,Y Shape,Asphalt roads,Wet or damp,Darkness - lights lit,Normal,Collision with roadside objects,2,Going straight,Not a Pedestrian,No priority to pedestrian,Slight Injury
17:10:00,Tuesday,31-50,Male,Illiterate,Employee,unknown,Automobile,Owner,Unknown,No defect,Residential areas,Undivided Two way,Tangent road with flat terrain,Y Shape,Asphalt roads,Wet or damp,Darkness - lights lit,Normal,Collision with roadside objects,2,Going straight,Not a Pedestrian,No priority to pedestrian,Slight Injury
15:30:00,Saturday,Unknown,Female,Junior high school,Employee,5-10yr,Automobile,Owner,Above 10yr,No defect,Other,Undivided Two way,Tangent road with flat terrain,Y Shape,Asphalt roads,Wet or damp,Daylight,Normal,Vehicle with vehicle collision,2,Going straight,Crossing from nearside - masked by parked or statioNot a Pedestrianry vehicle,No priority to vehicle,Slight Injury
15:30:00,Saturday,18-30,Male,Junior high school,Employee,1-2yr,Lorry (41?100Q),Owner,Unknown,No defect,Office areas,Two-way (divided with broken lines road marking),Tangent road with flat terrain,Y Shape,Asphalt roads,Wet or damp,Daylight,Normal,Vehicle with vehicle collision,2,Going straight,Not a Pedestrian,Driving carelessly,Slight Injury
9:47:00,Saturday,18-30,Male,Junior high school,Employee,2-5yr,Other,Owner,Unknown,No defect,Other,Two-way (divided with broken lines road marking),Tangent road with flat terrain,Crossing,Asphalt roads,Wet or damp,Daylight,Raining,Vehicle with vehicle collision,3,Going straight,Not a Pedestrian,Changing lane to the right,Slight Injury
9:47:00,Saturday,Over 51,Male,Junior high school,Employee,Above 10yr,Pick up upto 10Q,Owner,Above 10yr,No defect,Other,other,Tangent road with flat terrain,Crossing,Asphalt roads,Wet or damp,Daylight,Raining,Vehicle with vehicle collision,3,Going straight,Not a Pedestrian,Changing lane to the left,Slight Injury
9:47:00,Saturday,31-50,Male,Junior high school,Owner,5-10yr,Pick up upto 10Q,Owner,5-10yrs,No defect,Office areas,Two-way (divided with broken lines road marking),Tangent road with flat terrain,Crossing,Asphalt roads,Wet or damp,Daylight,Raining,Collision with roadside objects,3,Going straight,Not a Pedestrian,Moving Backward,Slight Injury
11:19:00,Monday,18-30,Female,High school,Employee,1-2yr,Automobile,Owner,Below 1yr,No defect, Church areas,other,Tangent road with flat terrain,No junction,Asphalt roads,Dry,Daylight,Normal,Vehicle with vehicle collision,2,Turnover,Not a Pedestrian,Driving carelessly,Serious Injury
11:19:00,Monday,Over 51,Female,Junior high school,Employee,Above 10yr,Long lorry,Owner,Unknown,No defect,Other,Two-way (divided with broken lines road marking),Tangent road with flat terrain,No junction,Asphalt roads,Dry,Daylight,Normal,Collision with roadside objects,2,Reversing,Not a Pedestrian,Driving to the left,Serious Injury
13:13:00,Friday,Unknown,Female,Junior high school,Employee,1-2yr,Automobile,Owner,Unknown,No defect,Other,One way,Tangent road with flat terrain,No junction,Asphalt roads,Dry,Daylight,Normal,Collision with roadside objects,2,Moving Backward,Not a Pedestrian,Driving to the left,Slight Injury
13:13:00,Friday,18-30,Male,Junior high school,Employee,2-5yr,Public (13?45 seats),Owner,2-5yrs,No defect,Office areas,Double carriageway (median),Tangent road with flat terrain,No junction,Asphalt roads,Dry,Daylight,Normal,Collision with pedestrians,2,Going straight,Not a Pedestrian,No priority to pedestrian,Slight Injury
15:55:00,Thursday,18-30,Male,Junior high school,Employee,Above 10yr,Lorry (41?100Q),Owner,Unknown,No defect,Office areas,One way,Tangent road with mild grade and flat terrain,Y Shape,Other,Wet or damp,Daylight,Raining,Vehicle with vehicle collision,2,Moving Backward,Not a Pedestrian,Changing lane to the left,Slight Injury
15:55:00,Thursday,18-30,Male,Junior high school,Employee,2-5yr,Public (13?45 seats),Owner,Unknown,No defect,Office areas,Undivided Two way,Tangent road with flat terrain,Y Shape,Asphalt roads,Wet or damp,Daylight,Raining,Collision with roadside objects,2,Going straight,Not a Pedestrian,Changing lane to the right,Slight Injury
15:55:00,Thursday,31-50,Unknown,Elementary school,Employee,5-10yr,Other,Owner,Unknown,No defect,Office areas,Double carriageway (median),Tangent road with flat terrain,Y Shape,Asphalt roads,Wet or damp,Daylight,Raining,Vehicle with vehicle collision,2,Going straight,Not a Pedestrian,Driving carelessly,Slight Injury
10:47:00,Thursday,31-50,Male,Junior high school,Employee,2-5yr,Lorry (41?100Q),Owner,Unknown,No defect,Office areas,Two-way (divided with broken lines road marking),Tangent road with flat terrain,Y Shape,Asphalt roads,Wet or damp,Daylight,Normal,Vehicle with vehicle collision,2,Going straight,Not a Pedestrian,No distancing,Slight Injury
10:47:00,Thursday,31-50,Male,Elementary school,Employee,1-2yr,Lorry (41?100Q),Owner,Below 1yr,No defect,Office areas,Undivided Two way,Tangent road with flat terrain,Y Shape,Asphalt roads,Wet or damp,Daylight,Normal,Vehicle with vehicle collision,2,Going straight,Not a Pedestrian,Getting off the vehicle improperly,Slight Injury
15:00:00,Thursday,18-30,Male,Elementary school,Employee,5-10yr,Long lorry,Owner,Unknown,No defect,Other,Two-way (divided with broken lines road marking),Tangent road with flat terrain,No junction,Asphalt roads,Dry,Daylight,Normal,Vehicle with vehicle collision,2,Going straight,Not a Pedestrian,Driving under the influence of drugs,Slight Injury
15:00:00,Thursday,18-30,Male,Elementary school,Employee,5-10yr,Pick up upto 10Q,Owner,Unknown,No defect,Other,Double carriageway (median),Tangent road with flat terrain,No junction,Asphalt roads,Dry,Daylight,Normal,Vehicle with vehicle collision,2,Unknown,Not a Pedestrian,Changing lane to the right,Slight Injury
18:40:00,Thursday,18-30,Male,Junior high school,Employee,1-2yr,Pick up upto 10Q,Governmental,Unknown,No defect,Other,Two-way (divided with broken lines road marking),Tangent road with flat terrain,Y Shape,Asphalt roads,Wet or damp,Darkness - lights lit,Raining,Vehicle with vehicle collision,1,Going straight,Not a Pedestrian,Driving carelessly,Slight Injury
3:55:00,Monday,18-30,Male,Junior high school,Employee,5-10yr,Lorry (41?100Q),Owner,Unknown,No defect,Office areas,Two-way (divided with broken lines road marking),Tangent road with flat terrain,No junction,Asphalt roads,Wet or damp,Darkness - lights lit,Raining and Windy,Collision with roadside objects,2,Unknown,Not a Pedestrian,Moving Backward,Slight Injury
3:55:00,Monday,18-30,Male,Junior high school,Employee,5-10yr,Lorry (41?100Q),Owner,Unknown,No defect,Office areas,Undivided Two way,Tangent road with flat terrain,No junction,Asphalt roads,Wet or damp,Darkness - lights lit,Raining and Windy,Vehicle with vehicle collision,2,Going straight,Not a Pedestrian,Turnover,Slight Injury
3:55:00,Monday,18-30,Unknown,Junior high school,Employee,2-5yr,Automobile,Owner,Unknown,No defect,Office areas,Two-way (divided with broken lines road marking),Tangent road with flat terrain,No junction,Asphalt roads,Wet or damp,Darkness - lights lit,Raining and Windy,Collision with roadside objects,2,Moving Backward,Not a Pedestrian,Changing lane to the right,Slight Injury
17:45:00,Sunday,31-50,Male,Junior high school,Employee,1-2yr,Other,Governmental,Unknown,No defect,Office areas,Two-way (divided with broken lines road marking),Tangent road with flat terrain,Crossing,Asphalt roads,Dry,Darkness - lights lit,Normal,Vehicle with vehicle collision,2,Going straight,Not a Pedestrian,Driving carelessly,Slight Injury
17:45:00,Sunday,18-30,Male,Junior high school,Employee,5-10yr,Automobile,Owner,2-5yrs,No defect, Church areas,Undivided Two way,Tangent road with flat terrain,Crossing,Asphalt roads,Dry,Darkness - lights lit,Normal,Vehicle with vehicle collision,2,Going straight,Not a Pedestrian,No priority to vehicle,Slight Injury
17:45:00,Sunday,18-30,Male,Junior high school,Employee,Below 1yr,Other,Governmental,Unknown,No defect,Office areas,Two-way (divided with broken lines road marking),Tangent road with flat terrain,Crossing,Asphalt roads,Dry,Darkness - lights lit,Normal,Vehicle with vehicle collision,2,Moving Backward,Not a Pedestrian,Moving Backward,Slight Injury
17:45:00,Sunday,18-30,Male,Junior high school,Employee,5-10yr,Automobile,Governmental,Unknown,No defect,Residential areas,Two-way (divided with broken lines road marking),Tangent road with flat terrain,Crossing,Other,Dry,Darkness - lights lit,Normal,Collision with roadside objects,2,Going straight,Not a Pedestrian,Changing lane to the left,Slight Injury
19:10:00,Friday,31-50,Male,Junior high school,Owner,5-10yr,Pick up upto 10Q,Owner,Unknown,No defect,School areas,Two-way (divided with broken lines road marking),Tangent road with flat terrain,Crossing,Asphalt roads,Wet or damp,Darkness - lights lit,Raining,Collision with roadside objects,1,Turnover,Crossing from nearside - masked by parked or statioNot a Pedestrianry vehicle,Overturning,Slight Injury
10:13:00,Thursday,31-50,Male,Junior high school,Owner,5-10yr,Automobile,Owner,Unknown,No defect,Office areas,Undivided Two way,Tangent road with flat terrain,Y Shape,Asphalt roads,Dry,Daylight,Normal,Vehicle with vehicle collision,2,Going straight,Not a Pedestrian,No distancing,Serious Injury
10:13:00,Thursday,Over 51,Male,Junior high school,Employee,5-10yr,Public (12 seats),Owner,5-10yrs,No defect,Other,Undivided Two way,Tangent road with flat terrain,Y Shape,Asphalt roads,Dry,Daylight,Normal,Vehicle with vehicle collision,2,Going straight,Not a Pedestrian,Driving carelessly,Serious Injury
9:48:00,Friday,Under 18,Male,High school,Employee,2-5yr,Automobile,Owner,Unknown,No defect,Other,Double carriageway (median),Tangent road with flat terrain,Crossing,Asphalt roads,Dry,Daylight,Normal,Vehicle with vehicle collision,2,Unknown,Not a Pedestrian,No distancing,Slight Injury