Time,Day_of_week,Age_band_of_driver,Sex_of_driver,Educational_level,Vehicle_driver_relation,Driving_experience,Type_of_vehicle,Owner_of_vehicle,Service_year_of_vehicle,Defect_of_vehicle,Area_accident_occured,Lanes_or_Medians,Road_allignment,Types_of_Junction,Road_surface_type,Road_surface_conditions,Light_conditions,Weather_conditions,Type_of_collision,Number_of_vehicles_involved,Vehicle_movement,Pedestrian_movement,Cause_of_accident,Accident_severity
11:28:00,Sunday,18-30,Male,Junior high school,Owner,2-5yr,Automobile,Owner,Unknown,No defect,Office areas,Two-way (divided with broken lines road marking),Tangent road with flat terrain,Y Shape,Asphalt roads,Dry,Daylight,Normal,Vehicle with vehicle collision,2,Going straight,Not a Pedestrian,Changing lane to the right,Slight Injury
11:28:00,Sunday,18-30,Male,Elementary school,Owner,Above 10yr,Long lorry,Owner,Unknown,No defect,Office areas,Two-way (divided with broken lines road marking),Tangent road with flat terrain,Y Shape,Asphalt roads,Dry,Daylight,Normal,Vehicle with vehicle collision,2,Turnover,Not a Pedestrian,Moving Backward,Slight Injury
13:00:00,Wednesday,Under 18,Male,Writing & reading,Owner,5-10yr,Lorry (11?40Q),Governmental,Unknown,No defect,Office areas,One way,Tangent road with flat terrain,Y Shape,Gravel roads,Dry,Daylight,Normal,Vehicle with vehicle collision,2,Other,Not a Pedestrian,Driving under the influence of drugs,Serious Injury
13:00:00,Wednesday,18-30,Male,Junior high school,Owner,5-10yr,Long lorry,Owner,Unknown,No defect,Other,Undivided Two way,Tangent road with flat terrain,Y Shape,Asphalt roads,Dry,Daylight,Normal,Rollover,2,Going straight,Not a Pedestrian,Changing lane to the right,Serious Injury
8:15:00,Tuesday,18-30,Male,Junior high school,Owner,5-10yr,Automobile,Owner,Unknown,No defect,Residential areas,Two-way (divided with broken lines road marking),Tangent road with flat terrain,Crossing,Asphalt roads,Dry,Daylight,Normal,Vehicle with vehicle collision,1,Going straight,Not a Pedestrian,No priority to vehicle,Serious Injury
8:15:00,Tuesday,18-30,Male,Junior high school,Owner,Below 1yr,Taxi,Owner,2-5yrs,No defect,Residential areas,Two-way (divided with broken lines road marking),Gentle horizontal curve,Crossing,Asphalt roads,Dry,Daylight,Normal,Collision with roadside objects,1,Other,Not a Pedestrian,Changing lane to the left,Serious Injury
7:45:00,Tuesday,18-30,Male,Junior high school,Owner,2-5yr,Taxi,Owner,5-10yrs,No defect, Church areas,Two-way (divided with broken lines road marking),Tangent road with flat terrain,No junction,Asphalt roads,Dry,Daylight,Normal,Collision with pedestrians,2,Going straight,Not a Pedestrian,Driving carelessly,Slight Injury
7:45:00,Tuesday,31-50,Male,Elementary school,Employee,2-5yr,Long lorry,Owner,5-10yrs,No defect,Other,Two-way (divided with broken lines road marking),Tangent road with flat terrain,No junction,Asphalt roads,Dry,Daylight,Normal,Vehicle with vehicle collision,2,Turnover,Not a Pedestrian,No priority to pedestrian,Slight Injury
14:34:00,Wednesday,Unknown,Male,Junior high school,Employee,2-5yr,Lorry (11?40Q),Owner,Unknown,No defect,Residential areas,Two-way (divided with broken lines road marking),Tangent road with flat terrain,Y Shape,Asphalt roads,Dry,Daylight,Normal,Vehicle with vehicle collision,2,Going straight,Not a Pedestrian,No priority to pedestrian,Slight Injury
14:34:00,Wednesday,18-30,Male,Junior high school,Employee,2-5yr,Lorry (11?40Q),Owner,2-5yrs,No defect,Other,Undivided Two way,Tangent road with flat terrain,Y Shape,Asphalt roads,Dry,Daylight,Normal,Vehicle with vehicle collision,2,Turnover,Not a Pedestrian,Changing lane to the right,Slight Injury
2:34:00,Thursday,31-50,Male,Junior high school,Employee,5-10yr,Long lorry,Owner,2-5yrs,No defect,Residential areas,Undivided Two way,Tangent road with flat terrain,Y Shape,Asphalt roads,Dry,Darkness - lights lit,Normal,Vehicle with vehicle collision,2,Going straight,Not a Pedestrian,Drunk driving,Slight Injury
2:34:00,Thursday,18-30,Male,Junior high school,Employee,5-10yr,Turbo,Owner,2-5yrs,No defect,Residential areas,Two-way (divided with broken lines road marking),Tangent road with flat terrain,Y Shape,Asphalt roads,Dry,Darkness - lights lit,Normal,Vehicle with vehicle collision,2,Moving Backward,Not a Pedestrian,Changing lane to the left,Slight Injury
16:59:00,Thursday,Over 51,Unknown,Junior high school,Employee,Above 10yr,Long lorry,Owner,5-10yrs,No defect,Other,Two-way (divided with broken lines road marking),Tangent road with flat terrain,Crossing,Asphalt roads with some distress,Dry,Daylight,Normal,Vehicle with vehicle collision,2,Going straight,Not a Pedestrian,Changing lane to the left,Slight Injury
16:59:00,Thursday,Over 51,Male,Elementary school,Employee,5-10yr,Long lorry,Owner,Unknown,No defect,Other,Two-way (divided with broken lines road marking),Tangent road with flat terrain,Crossing,Asphalt roads,Dry,Daylight,Normal,Vehicle with vehicle collision,2,Going straight,Not a Pedestrian,Driving to the left,Slight Injury
16:59:00,Thursday,Over 51,Male,Junior high school,Employee,5-10yr,Public (13?45 seats),Owner,Unknown,No defect,Other,Undivided Two way,Tangent road with flat terrain,Crossing,Asphalt roads,Dry,Daylight,Normal,Collision with roadside objects,2,Going straight,Not a Pedestrian,Changing lane to the left,Slight Injury
16:59:00,Thursday,18-30,Male,Junior high school,Employee,Above 10yr,Automobile,Owner,Unknown,No defect,Other,Double carriageway (median),Tangent road with flat terrain,Crossing,Asphalt roads,Dry,Daylight,Normal,Rollover,2,Reversing,Not a Pedestrian,Driving under the influence of drugs,Slight Injury
14:14:00,Sunday,Over 51,Male,Elementary school,Owner,5-10yr,Automobile,Owner,Unknown,No defect,Residential areas,Two-way (divided with broken lines road marking),Tangent road with flat terrain,Y Shape,Asphalt roads,Dry,Daylight,Normal,Vehicle with vehicle collision,1,Reversing,Not a Pedestrian,No priority to pedestrian,Slight Injury
18:05:00,Thursday,18-30,Unknown,Junior high school,Owner,5-10yr,Pick up upto 10Q,Owner,2-5yrs,No defect,  Recreational areas,Undivided Two way,Tangent road with flat terrain,No junction,Asphalt roads,Dry,Daylight,Normal,Collision with pedestrians,3,Reversing,Not a Pedestrian,Changing lane to the left,Slight Injury
18:05:00,Thursday,31-50,Male,Junior high school,Employee,5-10yr,Automobile,Owner,Unknown,No defect,Other,other,Tangent road with flat terrain,No junction,Asphalt roads,Dry,Daylight,Normal,Vehicle with vehicle collision,3,Going straight,Not a Pedestrian,Moving Backward,Slight Injury
18:05:00,Thursday,31-50,Male,Junior high school,Employee,Below 1yr,Stationwagen,Owner,Unknown,No defect,Office areas,Undivided Two way,Tangent road with flat terrain,No junction,Asphalt roads,Dry,Daylight,Normal,Vehicle with vehicle collision,3,Going straight,Not a Pedestrian,No distancing,Slight Injury
17:55:00,Thursday,18-30,Male,Junior high school,Employee,5-10yr,Automobile,Owner,Unknown,No defect,Other,Undivided Two way,Tangent road with flat terrain,Y Shape,Asphalt roads,Dry,Daylight,Normal,Collision with pedestrians,2,Going straight,Not a Pedestrian,Changing lane to the right,Slight Injury
17:55:00,Thursday,Over 51,Male,Junior high school,Employee,5-10yr,Automobile,Owner,Unknown,No defect,Office areas,Undivided Two way,Tangent road with flat terrain,Y Shape,Asphalt roads,Dry,Daylight,Normal,Collision with pedestrians,2,Going straight,Not a Pedestrian,No priority to vehicle,Slight Injury
18:40:00,Thursday,31-50,Male,Junior high school,Employee,5-10yr,Automobile,Owner,Unknown,No defect,Office areas,One way,Tangent road with flat terrain,No junction,Asphalt roads,Dry,Daylight,Normal,Vehicle with vehicle collision,2,Moving Backward,Not a Pedestrian,Moving Backward,Slight Injury
18:40:00,Thursday,Unknown,Male,Junior high school,Employee,Above 10yr,Long lorry,Owner,Unknown,No defect,Office areas,Undivided Two way,Tangent road with flat terrain,No junction,Asphalt roads,Dry,Daylight,Normal,Vehicle with vehicle collision,2,Going straight,Not a Pedestrian,Overtaking,Slight Injury
1:11:00,Tuesday,18-30,Male,High school,Employee,Above 10yr,Public (13?45 seats),Owner,Unknown,No defect,Other,Undivided Two way,Tangent road with flat terrain,Y Shape,Asphalt roads,Dry,Darkness - lights lit,Normal,Vehicle with vehicle collision,2,Moving Backward,Not a Pedestrian,Changing lane to the left,Slight Injury
1:11:00,Tuesday,31-50,Male,Junior high school,Employee,Above 10yr,Public (13?45 seats),Governmental,Unknown,No defect,Other,Double carriageway (median),Tangent road with flat terrain,Y Shape,Asphalt roads,Dry,Darkness - lights lit,Normal,Vehicle with vehicle collision,2,Moving Backward,Not a Pedestrian,Changing lane to the right,Slight Injury
9:20:00,Friday,31-50,Male,Junior high school,Employee,Above 10yr,Lorry (11?40Q),Owner,Unknown,No defect,Office areas,Two-way (divided with solid lines road marking),Tangent road with flat terrain,Y Shape,Asphalt roads,Dry,Daylight,Normal,Vehicle with vehicle collision,2,Going straight,Not a Pedestrian,Overtaking,Slight Injury
9:20:00,Friday,31-50,Male,Junior high school,Employee,Above 10yr,Lorry (11?40Q),Owner,Unknown,No defect,Residential areas,other,Tangent road with flat terrain,Y Shape,Asphalt roads,Dry,Daylight,Normal,Collision with roadside objects,2,Other,Not a Pedestrian,Overloading,Slight Injury
13:36:00,Tuesday,Under 18,Male,Junior high school,Employee,Above 10yr,Pick up upto 10Q,Governmental,2-5yrs,No defect,  Recreational areas,Undivided Two way,Tangent road with flat terrain,O Shape,Asphalt roads,Dry,Daylight,Normal,Vehicle with vehicle collision,2,Going straight,Not a Pedestrian,Other,Slight Injury
13:36:00,Tuesday,Under 18,Male,Junior high school,Employee,5-10yr,Automobile,Owner,1-2yr,No defect,Other,other,Tangent road with flat terrain,O Shape,Asphalt roads,Dry,Daylight,Normal,Vehicle with vehicle collision,2,Other,Not a Pedestrian,No priority to vehicle,Slight Injury
13:36:00,Tuesday,Under 18,Male,Junior high school,Employee,2-5yr,Automobile,Owner,Above 10yr,No defect,Residential areas,other,Tangent road with flat terrain,O Shape,Asphalt roads,Dry,Daylight,Normal,Vehicle with vehicle collision,2,Going straight,Not a Pedestrian,Changing lane to the right,Slight Injury
16:56:00,Wednesday,Over 51,Male,Junior high school,Employee,Below 1yr,Automobile,Owner,Unknown,No defect,Other,other,Tangent road with flat terrain,Y Shape,Asphalt roads,Dry,Daylight,Normal,Vehicle with vehicle collision,2,Reversing,Not a Pedestrian,Moving Backward,Serious Injury
16:56:00,Wednesday,31-50,Male,Junior high school,Employee,Below 1yr,Long lorry,Owner,Unknown,No defect,Other,other,Tangent road with flat terrain,Y Shape,Asphalt roads,Dry,Daylight,Normal,Vehicle with vehicle collision,2,Going straight,Not a Pedestrian,Changing lane to the left,Serious Injury
0:21:00,Wednesday,18-30,Male,Junior high school,Employee,2-5yr,Long lorry,Owner,5-10yrs,No defect,Other,One way,Tangent road with flat terrain,Crossing,Asphalt roads,Dry,Darkness - lights lit,Normal,Vehicle with vehicle collision,2,Going straight,Not a Pedestrian,No priority to pedestrian,Slight Injury
0:21:00,Wednesday,31-50,Male,Elementary school,Employee,Below 1yr,Automobile,Owner,Unknown,No defect,Other,Two-way (divided with broken lines road marking),Tangent road with flat terrain,Crossing,Asphalt roads,Dry,Darkness - lights lit,Normal,Vehicle with vehicle collision,2,Going straight,Not a Pedestrian,No distancing,Slight Injury
11:30:00,Wednesday,Over 51,Unknown,Junior high school,Employee,Below 1yr,Stationwagen,Owner,2-5yrs,No defect,Other,other,Tangent road with flat terrain,No junction,Asphalt roads,Dry,Daylight,Normal,Vehicle with vehicle collision,1,Going straight,Not a Pedestrian,No priority to vehicle,Slight Injury
20:23:00,Thursday,Over 51,Male,Junior high school,Employee,2-5yr,Automobile,Owner,Unknown,No defect,School areas,Undivided Two way,Tangent road with flat terrain,Crossing,Asphalt roads,Dry,Daylight,Normal,Vehicle with vehicle collision,2,Going straight,Not a Pedestrian,No distancing,Slight Injury
20:23:00,Thursday,18-30,Male,Junior high school,Employee,5-10yr,Other,Owner,Unknown,No defect,Office areas,Two-way (divided with broken lines road marking),Tangent road with flat terrain,Crossing,Asphalt roads,Dry,Daylight,Normal,Vehicle with vehicle collision,2,Going straight,Not a Pedestrian,No distancing,Slight Injury
21:20:00,Thursday,Over 51,Unknown,Writing & reading,Employee,Below 1yr,Special vehicle,Owner,Unknown,No defect,Office areas,Two-way (divided with broken lines road marking),Tangent road with flat terrain,Y Shape,Asphalt roads,Dry,Darkness - lights lit,Normal,Vehicle with vehicle collision,1,Going straight,Not a Pedestrian,Moving Backward,Serious Injury
17:08:00,Tuesday,Under 18,Male,Junior high school,Employee,Below 1yr,Lorry (41?100Q),Owner,5-10yrs,No defect,Office areas,Two-way (divided with broken lines road marking),Tangent road with flat terrain,No junction,Asphalt roads,Dry,Daylight,Normal,Vehicle with vehicle collision,2,Other,Not a Pedestrian,Changing lane to the right,Slight Injury
17:08:00,Tuesday,Unknown,Female,Junior high school,Employee,1-2yr,Pick up upto 10Q,Owner,Unknown,No defect,School areas,Undivided Two way,Tangent road with flat terrain,No junction,Asphalt roads,Dry,Daylight,Normal,Vehicle with vehicle collision,2,Going straight,Not a Pedestrian,No priority to pedestrian,Slight Injury
20:02:00,Saturday,31-50,Male,Elementary school,Employee,Above 10yr,Lorry (11?40Q),Governmental,Above 10yr,No defect,School areas,Undivided Two way,Tangent road with flat terrain,Y Shape,Asphalt roads,Dry,Darkness - lights lit,Normal,Vehicle with vehicle collision,2,Going straight,Not a Pedestrian,Moving Backward,Slight Injury
20:02:00,Saturday,Over 51,Male,Elementary school,Employee,Above 10yr,Lorry (41?100Q),Owner,Unknown,No defect,Office areas,Two-way (divided with broken lines road marking),Tangent road with flat terrain,Y Shape,Asphalt roads,Dry,Darkness - lights lit,Normal,Vehicle with vehicle collision,2,Going straight,Not a Pedestrian,Getting off the vehicle improperly,Slight Injury
7:30:00,Monday,18-30,Male,Elementary school,Employee,Below 1yr,Motorcycle,Owner,Unknown,No defect,Office areas,Two-way (divided with broken lines road marking),Tangent road with flat terrain,Crossing,Asphalt roads,Dry,Daylight,Normal,Collision with roadside objects,1,Going straight,Not a Pedestrian,Overtaking,Slight Injury
14:00:00,Monday,18-30,Male,High school,Employee,2-5yr,Automobile,Governmental,Above 10yr,No defect,School areas,Two-way (divided with broken lines road marking),Tangent road with flat terrain,Y Shape,Asphalt roads,Dry,Daylight,Normal,Vehicle with vehicle collision,2,Reversing,"Walking along in carriageway, back to traffic",Overloading,Slight Injury
14:00:00,Monday,31-50,Male,Junior high school,Employee,2-5yr,Automobile,Owner,1-2yr,No defect,Office areas,Two-way (divided with broken lines road marking),Tangent road with flat terrain,Y Shape,Asphalt roads,Dry,Daylight,Normal,Vehicle with vehicle collision,2,Going straight,Not a Pedestrian,Changing lane to the right,Slight Injury
8:00:00,Wednesday,31-50,Male,Above high school,Employee,Above 10yr,Automobile,Owner,Above 10yr,No defect,Other,Two-way (divided with broken lines road marking),Tangent road with flat terrain,Crossing,Asphalt roads,Dry,Daylight,Normal,Vehicle with vehicle collision,2,Going straight,Not a Pedestrian,Improper parking,Slight Injury
8:00:00,Wednesday,Unknown,Male,Junior high school,Employee,2-5yr,Stationwagen,Owner,Below 1yr,No defect,Other,Undivided Two way,Tangent road with flat terrain,Crossing,Asphalt roads,Dry,Daylight,Normal,Vehicle with vehicle collision,2,Other,Crossing from driver's nearside,Other,Slight Injury
13:10:00,Monday,31-50,Male,Junior high school,Employee,2-5yr,Automobile,Owner,Above 10yr,No defect,Other,Two-way (divided with broken lines road marking),Tangent road with flat terrain,Y Shape,Asphalt roads,Dry,Daylight,Normal,Collision with pedestrians,2,Going straight,Not a Pedestrian,Changing lane to the left,Slight Injury
13:10:00,Monday,Unknown,Male,High school,Employee,1-2yr,Public (> 45 seats),Owner,Unknown,No defect,Residential areas,Undivided Two way,Tangent road with flat terrain,Y Shape,Asphalt roads,Dry,Daylight,Normal,Vehicle with vehicle collision,2,Going straight,Not a Pedestrian,Changing lane to the right,Slight Injury
18:10:00,Tuesday,31-50,Male,Junior high school,Employee,5-10yr,Public (> 45 seats),Governmental,1-2yr,No defect,Other,Undivided Two way,Tangent road with flat terrain,Y Shape,Asphalt roads,Dry,Daylight,Normal,Vehicle with vehicle collision,2,Going straight,Not a Pedestrian,No priority to pedestrian,Slight Injury
18:10:00,Tuesday,31-50,Male,Junior high school,Employee,Below 1yr,Stationwagen,Owner,1-2yr,No defect,Other,Undivided Two way,Tangent road with flat terrain,Y Shape,Asphalt roads,Dry,Daylight,Normal,Vehicle with vehicle collision,2,Turnover,Crossing from nearside - masked by parked or statioNot a Pedestrianry vehicle,Overspeed,Slight Injury
16:33:00,Tuesday,18-30,Male,Junior high school,Employee,Below 1yr,Automobile,Owner,5-10yrs,No defect, Industrial areas,Undivided Two way,Tangent road with flat terrain,No junction,Asphalt roads,Dry,Daylight,Normal,Vehicle with vehicle collision,2,Going straight,Crossing from nearside - masked by parked or statioNot a Pedestrianry vehicle,Changing lane to the left,Slight Injury
16:33:00,Tuesday,Unknown,Male,Elementary school,Employee,5-10yr,Bicycle,Owner,Unknown,No defect,  Recreational areas,Undivided Two way,Tangent road with flat terrain,No junction,Asphalt roads,Dry,Daylight,Normal,Vehicle with vehicle collision,2,Going straight,Not a Pedestrian,No priority to vehicle,Slight Injury
18:00:00,Friday,18-30,Unknown,Junior high school,Employee,Below 1yr,Automobile,Owner,Above 10yr,No defect, Church areas,Two-way (divided with broken lines road marking),Tangent road with flat terrain,Y Shape,Asphalt roads,Dry,Daylight,Normal,Vehicle with vehicle collision,2,Reversing,Not a Pedestrian,Changing lane to the right,Slight Injury
18:00:00,Friday,Unknown,Male,Junior high school,Employee,1-2yr,Lorry (41?100Q),Owner,Unknown,No defect,Office areas,Two-way (divided with broken lines road marking),Tangent road with flat terrain,Y Shape,Asphalt roads,Dry,Daylight,Normal,Vehicle with vehicle collision,2,Other,Not a Pedestrian,No distancing,Slight Injury
19:00:00,Thursday,Unknown,Male,Elementary school,Employee,2-5yr,Automobile,Owner,Unknown,No defect,Other,Two-way (divided with broken lines road marking),Tangent road with flat terrain,Y Shape,Asphalt roads,Dry,Daylight,Normal,Vehicle with vehicle collision,1,Going straight,Not a Pedestrian,No priority to pedestrian,Slight Injury
17:20:00,Wednesday,Unknown,Male,High school,Employee,1-2yr,Public (13?45 seats),Owner,Unknown,No defect,Office areas,Undivided Two way,Tangent road with flat terrain,No junction,Asphalt roads,Dry,Daylight,Normal,Collision with pedestrians,1,Going straight,Not a Pedestrian,No distancing,Slight Injury
17:30:00,Wednesday,18-30,Male,Junior high school,Employee,5-10yr,Special vehicle,Owner,Unknown,No defect,Office areas,Two-way (divided with broken lines road marking),Tangent road with flat terrain,Y Shape,Asphalt roads,Dry,Daylight,Normal,Vehicle with vehicle collision,2,Moving Backward,Not a Pedestrian,No priority to vehicle,Slight Injury
17:30:00,Wednesday,Unknown,Unknown,Junior high school,Employee,Below 1yr,Automobile,Owner,Unknown,No defect,Other,Two-way (divided with broken lines road marking),Tangent road with flat terrain,Y Shape,Asphalt roads,Dry,Daylight,Normal,Vehicle with vehicle collision,2,Reversing,Not a Pedestrian,Other,Slight Injury
18:09:00,Friday,18-30,Male,High school,Employee,Above 10yr,Public (13?45 seats),Owner,Above 10yr,No defect,Residential areas,Undivided Two way,Tangent road with flat terrain,Y Shape,Asphalt roads,Dry,Daylight,Normal,Vehicle with vehicle collision,2,Going straight,Not a Pedestrian,Driving carelessly,Slight Injury
18:09:00,Friday,Unknown,Female,Elementary school,Owner,5-10yr,Automobile,Owner,Above 10yr,No defect,Office areas,other,Tangent road with mountainous terrain and,Y Shape,Asphalt roads,Dry,Daylight,Normal,Vehicle with vehicle collision,2,Going straight,Not a Pedestrian,Changing lane to the left,Slight Injury
9:40:00,Friday,31-50,Male,Elementary school,Employee,Below 1yr,Lorry (41?100Q),Owner,Above 10yr,No defect,Residential areas,other,Tangent road with flat terrain,O Shape,Asphalt roads,Dry,Daylight,Normal,Collision with roadside objects,2,Moving Backward,Not a Pedestrian,Driving carelessly,Slight Injury
9:40:00,Friday,Over 51,Unknown,Junior high school,Employee,5-10yr,Lorry (41?100Q),Owner,Unknown,No defect,School areas,Two-way (divided with broken lines road marking),Tangent road with flat terrain,O Shape,Asphalt roads,Dry,Daylight,Normal,Vehicle with vehicle collision,2,Going straight,Not a Pedestrian,Changing lane to the left,Slight Injury
17:04:00,Saturday,31-50,Male,Elementary school,Owner,5-10yr,Public (12 seats),Owner,Above 10yr,No defect,Office areas,Two-way (divided with broken lines road marking),Sharp reverse curve,No junction,Asphalt roads,Dry,Daylight,Normal,Vehicle with vehicle collision,2,Going straight,Not a Pedestrian,No priority to vehicle,Slight Injury
17:04:00,Saturday,Under 18,Male,Junior high school,Employee,2-5yr,Lorry (41?100Q),Owner,5-10yrs,No defect,Other,other,Tangent road with flat terrain,No junction,Asphalt roads,Dry,Daylight,Normal,Vehicle with vehicle collision,2,Going straight,Not a Pedestrian,No distancing,Slight Injury
16:20:00,Sunday,31-50,Unknown,Junior high school,Employee,Above 10yr,Lorry (41?100Q),Owner,Above 10yr,No defect,Other,Undivided Two way,Tangent road with flat terrain,Y Shape,Asphalt roads,Dry,Daylight,Normal,Vehicle with vehicle collision,1,Going straight,Not a Pedestrian,Changing lane to the right,Slight Injury
16:20:00,Sunday,31-50,Male,Junior high school,Employee,5-10yr,Public (12 seats),Owner,Above 10yr,No defect, Church areas,other,Tangent road with flat terrain,Y Shape,Asphalt roads,Dry,Daylight,Normal,Vehicle with vehicle collision,1,Going straight,Not a Pedestrian,Changing lane to the right,Slight Injury
16:02:00,Thursday,31-50,Male,High school,Employee,1-2yr,Public (> 45 seats),Owner,Unknown,No defect,Office areas,Two-way (divided with broken lines road marking),Tangent road with flat terrain,Y Shape,Asphalt roads,Dry,Daylight,Normal,Vehicle with vehicle collision,1,Going straight,Not a Pedestrian,Driving at high speed,Slight Injury
16:02:00,Thursday,31-50,Male,Elementary school,Employee,5-10yr,Automobile,Owner,Unknown,No defect,Other,Two-way (divided with broken lines road marking),Tangent road with flat terrain,Y Shape,Asphalt roads,Dry,Daylight,Normal,Vehicle with vehicle collision,1,Going straight,Not a Pedestrian,No distancing,Slight Injury
16:02:00,Thursday,31-50,Male,Elementary school,Employee,2-5yr,Pick up upto 10Q,Owner,5-10yrs,No defect,Office areas,Two-way (divided with broken lines road marking),Tangent road with mild grade and flat terrain,Y Shape,Asphalt roads,Dry,Daylight,Normal,Collision with roadside objects,1,Going straight,Not a Pedestrian,Changing lane to the right,Slight Injury
15:44:00,Thursday,18-30,Male,Junior high school,Employee,Below 1yr,Stationwagen,Owner,Unknown,No defect,Office areas,Two-way (divided with broken lines road marking),Tangent road with flat terrain,Crossing,Asphalt roads,Dry,Daylight,Normal,Vehicle with vehicle collision,1,Reversing,Not a Pedestrian,Changing lane to the left,Slight Injury
15:44:00,Thursday,18-30,Male,Junior high school,Employee,Below 1yr,Other,Owner,Above 10yr,No defect,Office areas,Two-way (divided with broken lines road marking),Sharp reverse curve,Crossing,Asphalt roads,Dry,Daylight,Normal,Vehicle with vehicle collision,1,Going straight,Crossing from driver's nearside,Getting off the vehicle improperly,Slight Injury
18:26:00,Thursday,31-50,Male,Junior high school,Employee,5-10yr,Lorry (41?100Q),Owner,Above 10yr,No defect, Church areas,Undivided Two way,Sharp reverse curve,No junction,Asphalt roads,Dry,Daylight,Normal,Vehicle with vehicle collision,2,Going straight,Not a Pedestrian,Other,Slight Injury
18:26:00,Thursday,18-30,Male,Junior high school,Owner,5-10yr,Automobile,Owner,Above 10yr,No defect,Office areas,Undivided Two way,Gentle horizontal curve,No junction,Asphalt roads,Dry,Daylight,Normal,Vehicle with vehicle collision,2,Going straight,Not a Pedestrian,Other,Slight Injury
23:45:00,Thursday,31-50,Male,Elementary school,Employee,1-2yr,Stationwagen,Owner,5-10yrs,No defect,Other,Double carriageway (median),Gentle horizontal curve,Crossing,Asphalt roads,Dry,Darkness - lights lit,Normal,Rollover,2,Going straight,Not a Pedestrian,No distancing,Slight Injury
23:45:00,Thursday,31-50,Male,Junior high school,Employee,1-2yr,Pick up upto 10Q,Owner,Unknown,No defect,Other,Two-way (divided with broken lines road marking),Tangent road with flat terrain,Crossing,Asphalt roads,Dry,Darkness - lights lit,Normal,Vehicle with vehicle collision,2,Going straight,Not a Pedestrian,No priority to vehicle,Slight Injury
18:24:00,Friday,31-50,Male,Elementary school,Employee,Above 10yr,Lorry (41?100Q),Owner,5-10yrs,No defect, Church areas,Unknown,Tangent road with mountainous terrain and,No junction,Asphalt roads with some distress,Dry,Daylight,Normal,Vehicle with vehicle collision,2,Going straight,Not a Pedestrian,Overtaking,Slight Injury
18:24:00,Friday,Unknown,Male,Junior high school,Owner,1-2yr,Automobile,Owner,1-2yr,No defect,School areas,Undivided Two way,Tangent road with flat terrain,No junction,Asphalt roads,Dry,Daylight,Normal,Collision with roadside objects,2,Other,Not a Pedestrian,No priority to pedestrian,Slight Injury
14:30:00,Monday,31-50,Male,Junior high school,Employee,2-5yr,Automobile,Owner,Unknown,No defect, Church areas,Two-way (divided with broken lines road marking),Tangent road with flat terrain,Crossing,Asphalt roads,Dry,Daylight,Normal,Vehicle with vehicle collision,2,Moving Backward,Not a Pedestrian,No distancing,Slight Injury
14:30:00,Monday,Unknown,Male,Junior high school,Employee,Above 10yr,Lorry (41?100Q),Owner,Above 10yr,No defect,Office areas,Undivided Two way,Tangent road with flat terrain,Crossing,Asphalt roads,Dry,Daylight,Normal,Vehicle with vehicle collision,2,Other,Crossing from driver's nearside,Changing lane to the right,Slight Injury
7:46:00,Friday,31-50,Male,Elementary school,Owner,2-5yr,Lorry (41?100Q),Owner,2-5yrs,No defect,Other,other,Tangent road with flat terrain,Crossing,Asphalt roads,Dry,Daylight,Normal,Vehicle with vehicle collision,2,Going straight,Not a Pedestrian,Driving carelessly,Slight Injury
7:46:00,Friday,Unknown,Male,Junior high school,Employee,5-10yr,Lorry (41?100Q),Owner,Above 10yr,No defect, Church areas,Two-way (divided with broken lines road marking),Steep grade upward with mountainous terrain,Crossing,Gravel roads,Dry,Daylight,Normal,Collision with roadside objects,2,Going straight,Not a Pedestrian,Changing lane to the right,Slight Injury
9:47:00,Wednesday,31-50,Male,Junior high school,Employee,Below 1yr,Pick up upto 10Q,Governmental,1-2yr,No defect,Other,Double carriageway (median),Tangent road with flat terrain,Crossing,Asphalt roads,Dry,Daylight,Normal,Collision with roadside objects,1,Going straight,Not a Pedestrian,Overtaking,Serious Injury
8:12:00,Wednesday,31-50,Male,Junior high school,Employee,5-10yr,Pick up upto 10Q,Governmental,Above 10yr,No defect,Other,Double carriageway (median),Tangent road with flat terrain,No junction,Asphalt roads,Dry,Daylight,Normal,Vehicle with vehicle collision,1,Other,Not a Pedestrian,Other,Slight Injury
7:50:00,Wednesday,31-50,Male,High school,Employee,Above 10yr,Automobile,Organization,5-10yrs,No defect,Office areas,Two-way (divided with broken lines road marking),Gentle horizontal curve,Crossing,Asphalt roads,Wet or damp,Daylight,Raining,Vehicle with vehicle collision,2,Going straight,Not a Pedestrian,Driving to the left,Slight Injury
7:50:00,Wednesday,18-30,Male,Junior high school,Employee,5-10yr,Other,Organization,Above 10yr,No defect,Other,Two-way (divided with broken lines road marking),Tangent road with flat terrain,Crossing,Asphalt roads,Wet or damp,Daylight,Raining,Collision with roadside objects,2,Going straight,Not a Pedestrian,Driving at high speed,Slight Injury
21:00:00,Wednesday,31-50,Unknown,Elementary school,Employee,1-2yr,Lorry (41?100Q),Owner,2-5yrs,No defect,Other,Two-way (divided with broken lines road marking),Tangent road with flat terrain,Y Shape,Asphalt roads,Dry,Darkness - lights lit,Normal,Collision with roadside objects,2,Going straight,Not a Pedestrian,Unknown,Slight Injury
21:00:00,Wednesday,Unknown,Female,Junior high school,Employee,2-5yr,Automobile,Governmental,Unknown,No defect,Residential areas,Two-way (divided with broken lines road marking),Tangent road with flat terrain,Y Shape,Asphalt roads,Dry,Darkness - lights lit,Normal,Vehicle with vehicle collision,2,Going straight,Not a Pedestrian,Changing lane to the right,Slight Injury
8:05:00,Thursday,31-50,Male,Above high school,Employee,1-2yr,Automobile,Owner,Above 10yr,No defect,Residential areas,other,Tangent road with flat terrain,Crossing,Asphalt roads,Dry,Daylight,Normal,Collision with pedestrians,2,Going straight,Not a Pedestrian,No distancing,Slight Injury