Time,Day_of_week,Age_band_of_driver,Sex_of_driver,Educational_level,Vehicle_driver_relation,Driving_experience,Type_of_vehicle,Owner_of_vehicle,Service_year_of_vehicle,Defect_of_vehicle,Area_accident_occured,Lanes_or_Medians,Road_allignment,Types_of_Junction,Road_surface_type,Road_surface_conditions,Light_conditions,Weather_conditions,Type_of_collision,Number_of_vehicles_involved,Vehicle_movement,Pedestrian_movement,Cause_of_accident,Accident_severity
8:20:00,Tuesday,31-50,Male,High school,Employee,Below 1yr,Automobile,Owner,Unknown,No defect,Residential areas,Undivided Two way,Tangent road with flat terrain,Y Shape,Asphalt roads,Dry,Daylight,Normal,Vehicle with vehicle collision,2,Going straight,Not a Pedestrian,Changing lane to the left,Slight Injury
9:30:00,Tuesday,Over 51,Male,Junior high school,Employee,Below 1yr,Stationwagen,Owner,Unknown,No defect,Office areas,Undivided Two way,Tangent road with flat terrain,No junction,Asphalt roads,Dry,Daylight,Normal,Vehicle with vehicle collision,2,Going straight,"In carriageway, statioNot a Pedestrianry - not crossing  (standing or playing)",No distancing,Slight Injury
9:30:00,Tuesday,18-30,Female,High school,Employee,2-5yr,Automobile,Owner,2-5yrs,No defect,Office areas,Two-way (divided with broken lines road marking),Tangent road with flat terrain,No junction,Asphalt roads,Dry,Daylight,Normal,Vehicle with vehicle collision,2,Going straight,Not a Pedestrian,No distancing,Slight Injury
14:45:00,Wednesday,Under 18,Male,Junior high school,Employee,Above 10yr,Automobile,Owner,2-5yrs,No defect,Residential areas,Undivided Two way,Tangent road with flat terrain,Y Shape,Asphalt roads,Dry,Daylight,Normal,Vehicle with vehicle collision,2,Going straight,Not a Pedestrian,Getting off the vehicle improperly,Serious Injury
14:45:00,Wednesday,Under 18,Male,Junior high school,Employee,Above 10yr,Automobile,Owner,Unknown,No defect,Other,Two-way (divided with broken lines road marking),Tangent road with flat terrain,Y Shape,Asphalt roads,Dry,Daylight,Normal,Collision with pedestrians,2,Going straight,Not a Pedestrian,Overtaking,Serious Injury
18:45:00,Thursday,31-50,Male,Junior high school,Employee,5-10yr,Long lorry,Owner,Above 10yr,No defect, Industrial areas,Undivided Two way,Tangent road with flat terrain,Y Shape,Asphalt roads,Dry,Daylight,Normal,Vehicle with vehicle collision,2,Going straight,Not a Pedestrian,Driving carelessly,Serious Injury
18:45:00,Thursday,31-50,Male,Junior high school,Employee,1-2yr,Public (13?45 seats),Owner,Unknown,No defect,Office areas,Two-way (divided with broken lines road marking),Tangent road with flat terrain,Y Shape,Asphalt roads,Dry,Daylight,Normal,Vehicle with vehicle collision,2,Other,Not a Pedestrian,Driving under the influence of drugs,Serious Injury
7:35:00,Monday,Over 51,Male,Unknown,Employee,Below 1yr,Public (13?45 seats),Organization,Unknown,No defect,  Recreational areas,Two-way (divided with broken lines road marking),Tangent road with flat terrain,No junction,Asphalt roads,Wet or damp,Daylight,Raining,Vehicle with vehicle collision,3,Going straight,Not a Pedestrian,Moving Backward,Serious Injury
7:35:00,Monday,18-30,Male,Junior high school,Employee,Below 1yr,Lorry (11?40Q),Owner,1-2yr,No defect,Residential areas,Two-way (divided with broken lines road marking),Tangent road with flat terrain,No junction,Asphalt roads,Wet or damp,Daylight,Raining,Vehicle with vehicle collision,3,Overtaking,Not a Pedestrian,Overturning,Serious Injury
7:35:00,Monday,31-50,Male,High school,Employee,2-5yr,Lorry (11?40Q),Owner,Above 10yr,No defect,Residential areas,Undivided Two way,Tangent road with flat terrain,No junction,Asphalt roads,Wet or damp,Daylight,Raining,Collision with roadside objects,3,Going straight,Not a Pedestrian,Driving under the influence of drugs,Serious Injury
15:10:00,Wednesday,18-30,Male,Junior high school,Owner,1-2yr,Pick up upto 10Q,Owner,5-10yrs,No defect, Church areas,Undivided Two way,Steep grade downward with mountainous terrain,Crossing,Asphalt roads,Dry,Daylight,Normal,Vehicle with vehicle collision,1,Going straight,Not a Pedestrian,Changing lane to the right,Serious Injury
10:40:00,Friday,31-50,Male,Junior high school,Employee,5-10yr,Automobile,Owner,5-10yrs,No defect,Residential areas,Undivided Two way,Tangent road with flat terrain,Crossing,Asphalt roads,Dry,Daylight,Normal,Vehicle with vehicle collision,2,Going straight,Not a Pedestrian,Changing lane to the left,Slight Injury
10:40:00,Friday,31-50,Male,Elementary school,Employee,2-5yr,Automobile,Owner,Unknown,No defect,Office areas,other,Tangent road with flat terrain,Crossing,Asphalt roads,Dry,Daylight,Normal,Vehicle with vehicle collision,2,U-Turn,Unknown or other,No distancing,Slight Injury
17:20:00,Tuesday,31-50,Male,Elementary school,Owner,5-10yr,Automobile,Owner,5-10yrs,No defect,Other,Undivided Two way,Tangent road with flat terrain,Y Shape,Asphalt roads,Wet or damp,Daylight,Normal,Vehicle with vehicle collision,2,Going straight,Not a Pedestrian,No distancing,Slight Injury
17:20:00,Tuesday,18-30,Male,Junior high school,Employee,Above 10yr,Long lorry,Owner,Unknown,No defect,Other,Two-way (divided with solid lines road marking),Tangent road with flat terrain,Y Shape,Asphalt roads,Wet or damp,Daylight,Normal,Vehicle with vehicle collision,2,Going straight,Not a Pedestrian,No priority to vehicle,Slight Injury
19:00:00,Thursday,18-30,Male,Junior high school,Employee,5-10yr,Long lorry,Owner,Unknown,No defect, Church areas,Two-way (divided with solid lines road marking),Tangent road with flat terrain,No junction,Asphalt roads,Dry,Darkness - lights unlit,Normal,Vehicle with vehicle collision,2,Going straight,Not a Pedestrian,Moving Backward,Slight Injury
19:00:00,Thursday,31-50,Male,High school,Employee,5-10yr,Automobile,Governmental,Unknown,No defect,Other,Two-way (divided with solid lines road marking),Tangent road with flat terrain,No junction,Asphalt roads,Dry,Darkness - lights unlit,Normal,Vehicle with vehicle collision,2,Going straight,Not a Pedestrian,Moving Backward,Slight Injury
6:20:00,Friday,Over 51,Male,Junior high school,Employee,5-10yr,Stationwagen,Owner,Unknown,No defect, Church areas,Two-way (divided with solid lines road marking),Tangent road with flat terrain,No junction,Asphalt roads,Wet or damp,Darkness - lights lit,Normal,Collision with roadside objects,2,Turnover,Crossing from nearside - masked by parked or statioNot a Pedestrianry vehicle,Getting off the vehicle improperly,Slight Injury
6:20:00,Friday,31-50,Male,Junior high school,Employee,Above 10yr,Automobile,Owner,Unknown,No defect, Church areas,Two-way (divided with broken lines road marking),Tangent road with flat terrain,No junction,Asphalt roads,Wet or damp,Darkness - lights lit,Normal,Vehicle with vehicle collision,2,Going straight,Crossing from nearside - masked by parked or statioNot a Pedestrianry vehicle,Changing lane to the left,Slight Injury
2:30:00,Sunday,18-30,Male,Junior high school,Employee,1-2yr,Other,Owner,Above 10yr,No defect,Other,Undivided Two way,Tangent road with flat terrain,Y Shape,Asphalt roads,Dry,Darkness - lights lit,Normal,Vehicle with vehicle collision,1,Going straight,Not a Pedestrian,Changing lane to the left,Slight Injury
2:30:00,Sunday,18-30,Male,Junior high school,Employee,2-5yr,Special vehicle,Governmental,5-10yrs,No defect,Other,Undivided Two way,Tangent road with flat terrain,Y Shape,Asphalt roads,Dry,Darkness - lights lit,Normal,Vehicle with vehicle collision,1,Moving Backward,Not a Pedestrian,No priority to vehicle,Slight Injury
8:35:00,Saturday,Under 18,Male,Junior high school,Employee,1-2yr,Lorry (41?100Q),Owner,5-10yrs,No defect,School areas,other,Tangent road with flat terrain,No junction,Asphalt roads,Dry,Daylight,Normal,Vehicle with vehicle collision,2,Going straight,Crossing from nearside - masked by parked or statioNot a Pedestrianry vehicle,Changing lane to the right,Serious Injury
8:35:00,Saturday,18-30,Male,Junior high school,Employee,5-10yr,Pick up upto 10Q,Owner,Above 10yr,No defect,Residential areas,Undivided Two way,Tangent road with flat terrain,No junction,Asphalt roads,Dry,Daylight,Normal,Rollover,2,Moving Backward,Not a Pedestrian,Changing lane to the right,Serious Injury
7:00:00,Thursday,18-30,Male,Elementary school,Employee,5-10yr,Lorry (11?40Q),Owner,1-2yr,No defect,Other,Two-way (divided with broken lines road marking),Tangent road with flat terrain,No junction,Asphalt roads,Wet or damp,Darkness - lights lit,Normal,Vehicle with vehicle collision,1,Going straight,Not a Pedestrian,Driving carelessly,Serious Injury
10:20:00,Thursday,Over 51,Male,Junior high school,Employee,5-10yr,Lorry (41?100Q),Owner,Above 10yr,No defect,Office areas,Undivided Two way,Tangent road with flat terrain,Y Shape,Asphalt roads,Dry,Daylight,Normal,Vehicle with vehicle collision,2,Going straight,Not a Pedestrian,Changing lane to the left,Slight Injury
10:20:00,Thursday,Over 51,Male,Junior high school,Employee,Above 10yr,Motorcycle,Owner,Above 10yr,No defect,Residential areas,Undivided Two way,Tangent road with flat terrain,Y Shape,Asphalt roads,Dry,Daylight,Normal,Collision with roadside objects,2,Going straight,Crossing from nearside - masked by parked or statioNot a Pedestrianry vehicle,Changing lane to the right,Slight Injury
10:20:00,Thursday,Over 51,Male,Junior high school,Employee,2-5yr,Automobile,Owner,Above 10yr,No defect,Other,One way,Steep grade downward with mountainous terrain,Y Shape,Asphalt roads,Dry,Daylight,Normal,Vehicle with vehicle collision,2,Going straight,Not a Pedestrian,Driving under the influence of drugs,Slight Injury
18:18:00,Saturday,18-30,Male,Junior high school,Owner,Above 10yr,Automobile,Owner,Above 10yr,No defect,Residential areas,Two-way (divided with broken lines road marking),Tangent road with flat terrain,Crossing,Gravel roads,Dry,Darkness - lights lit,Normal,Vehicle with vehicle collision,2,U-Turn,Not a Pedestrian,Driving carelessly,Serious Injury
18:18:00,Saturday,31-50,Male,Junior high school,Employee,2-5yr,Automobile,Owner,5-10yrs,No defect,Residential areas,Undivided Two way,Tangent road with flat terrain,Crossing,Asphalt roads,Dry,Darkness - lights lit,Normal,Vehicle with vehicle collision,2,Going straight,Not a Pedestrian,No distancing,Serious Injury
18:18:00,Saturday,31-50,Male,Elementary school,Other,5-10yr,Stationwagen,Owner,Unknown,No defect,Residential areas,Two-way (divided with broken lines road marking),Tangent road with flat terrain,Crossing,Asphalt roads,Dry,Darkness - lights lit,Normal,Collision with roadside objects,2,Going straight,Not a Pedestrian,No priority to vehicle,Serious Injury
18:18:00,Saturday,31-50,Male,Elementary school,Employee,5-10yr,Automobile,Owner,1-2yr,No defect,Other,other,Tangent road with flat terrain,Crossing,Asphalt roads,Dry,Darkness - lights lit,Normal,Collision with roadside objects,2,Going straight,Not a Pedestrian,No priority to vehicle,Serious Injury
8:40:00,Wednesday,31-50,Male,Junior high school,Employee,5-10yr,Public (> 45 seats),Owner,5-10yrs,No defect,Other,Undivided Two way,Tangent road with flat terrain,No junction,Asphalt roads,Dry,Daylight,Normal,Vehicle with vehicle collision,1,Going straight,Not a Pedestrian,No priority to vehicle,Slight Injury
2:40:00,Saturday,18-30,Male,Junior high school,Employee,5-10yr,Public (> 45 seats),Owner,5-10yrs,No defect,Other,One way,Tangent road with flat terrain,No junction,Asphalt roads,Dry,Darkness - lights lit,Normal,Vehicle with vehicle collision,1,Going straight,Not a Pedestrian,Changing lane to the left,Slight Injury
17:02:00,Monday,31-50,Male,Elementary school,Employee,Above 10yr,Stationwagen,Owner,1-2yr,No defect, Hospital areas,Undivided Two way,Tangent road with flat terrain,Y Shape,Asphalt roads,Dry,Daylight,Normal,Collision with roadside objects,2,Going straight,Not a Pedestrian,Moving Backward,Slight Injury
17:02:00,Monday,18-30,Male,Junior high school,Employee,Below 1yr,Automobile,Owner,2-5yrs,No defect,Residential areas,Undivided Two way,Tangent road with flat terrain,Y Shape,Asphalt roads,Dry,Daylight,Normal,Collision with roadside objects,2,Stopping,Not a Pedestrian,Driving carelessly,Slight Injury
18:00:00,Wednesday,31-50,Male,Junior high school,Employee,5-10yr,Bicycle,Owner,5-10yrs,No defect,Residential areas,One way,Tangent road with flat terrain,No junction,Asphalt roads,Dry,Darkness - lights lit,Normal,Vehicle with vehicle collision,2,Turnover,Not a Pedestrian,Driving under the influence of drugs,Slight Injury
18:00:00,Wednesday,31-50,Male,Elementary school,Employee,1-2yr,Automobile,Owner,5-10yrs,No defect,Residential areas,Undivided Two way,Tangent road with flat terrain,No junction,Asphalt roads,Dry,Darkness - lights lit,Normal,Collision with pedestrians,2,Getting off,Not a Pedestrian,Changing lane to the right,Slight Injury
19:15:00,Friday,31-50,Male,Junior high school,Employee,Above 10yr,Lorry (41?100Q),Owner,1-2yr,No defect,Other,Two-way (divided with broken lines road marking),Tangent road with flat terrain,Y Shape,Asphalt roads with some distress,Dry,Darkness - lights lit,Normal,Vehicle with vehicle collision,2,Moving Backward,Not a Pedestrian,No priority to vehicle,Slight Injury
19:15:00,Friday,Over 51,Male,Junior high school,Employee,Above 10yr,Automobile,Owner,1-2yr,No defect,Office areas,Two-way (divided with broken lines road marking),Tangent road with flat terrain,Y Shape,Asphalt roads,Dry,Darkness - lights lit,Normal,Vehicle with vehicle collision,2,Moving Backward,Not a Pedestrian,Changing lane to the right,Slight Injury
20:40:00,Tuesday,31-50,Male,High school,Owner,2-5yr,Public (13?45 seats),Owner,2-5yrs,No defect,Other,other,Tangent road with flat terrain,Y Shape,Asphalt roads,Dry,Darkness - lights lit,Normal,Vehicle with vehicle collision,1,Going straight,Not a Pedestrian,Driving to the left,Slight Injury
17:35:00,Wednesday,31-50,Male,Junior high school,Employee,1-2yr,Special vehicle,Owner,Unknown,No defect,Office areas,Double carriageway (median),Tangent road with flat terrain,Other,Asphalt roads,Wet or damp,Darkness - lights lit,Raining,Vehicle with vehicle collision,2,Turnover,Not a Pedestrian,Moving Backward,Slight Injury
17:35:00,Wednesday,18-30,Male,Junior high school,Employee,1-2yr,Automobile,Owner,Unknown,No defect,Residential areas,Two-way (divided with broken lines road marking),Tangent road with flat terrain,Other,Asphalt roads,Wet or damp,Darkness - lights lit,Raining,Vehicle with vehicle collision,2,Going straight,Not a Pedestrian,No priority to vehicle,Slight Injury
8:01:00,Thursday,31-50,Male,Above high school,Owner,2-5yr,Public (13?45 seats),Owner,Unknown,No defect,Office areas,Double carriageway (median),Gentle horizontal curve,Y Shape,Asphalt roads,Dry,Daylight,Normal,Collision with roadside objects,2,Going straight,Not a Pedestrian,No distancing,Slight Injury
8:01:00,Thursday,31-50,Male,Junior high school,Employee,Above 10yr,Lorry (41?100Q),Owner,2-5yrs,No defect,Office areas,Double carriageway (median),Tangent road with flat terrain,Y Shape,Asphalt roads,Dry,Daylight,Normal,Collision with roadside objects,2,U-Turn,Not a Pedestrian,Driving carelessly,Slight Injury
10:25:00,Monday,Over 51,Male,Elementary school,Owner,2-5yr,Lorry (41?100Q),Organization,Unknown,No defect,Other,Double carriageway (median),Tangent road with flat terrain,Y Shape,Asphalt roads,Dry,Daylight,Normal,Vehicle with vehicle collision,2,Going straight,Not a Pedestrian,Changing lane to the left,Slight Injury
10:25:00,Monday,18-30,Male,Junior high school,Employee,5-10yr,Lorry (41?100Q),Owner,Unknown,No defect,Office areas,Two-way (divided with broken lines road marking),Tangent road with flat terrain,Y Shape,Asphalt roads,Dry,Daylight,Normal,Vehicle with vehicle collision,2,Going straight,Not a Pedestrian,No priority to vehicle,Slight Injury
11:30:00,Friday,Over 51,Male,Junior high school,Employee,Below 1yr,Public (12 seats),Owner,Unknown,No defect,Office areas,Undivided Two way,Tangent road with flat terrain,No junction,Asphalt roads,Wet or damp,Daylight,Normal,Vehicle with vehicle collision,1,U-Turn,Not a Pedestrian,No priority to vehicle,Slight Injury
7:45:00,Thursday,Over 51,Male,Junior high school,Employee,5-10yr,Lorry (41?100Q),Governmental,Unknown,No defect,Office areas,One way,Tangent road with flat terrain,Y Shape,Asphalt roads,Dry,Daylight,Normal,Vehicle with vehicle collision,2,Stopping,Not a Pedestrian,No distancing,Slight Injury
7:45:00,Thursday,Over 51,Male,High school,Employee,Above 10yr,Lorry (41?100Q),Owner,Unknown,No defect,Other,Undivided Two way,Tangent road with flat terrain,Y Shape,Asphalt roads,Dry,Daylight,Normal,Vehicle with vehicle collision,2,Going straight,Not a Pedestrian,Driving to the left,Slight Injury
17:58:00,Monday,18-30,Male,Junior high school,Employee,5-10yr,Public (12 seats),Owner,Unknown,No defect,Residential areas,Two-way (divided with broken lines road marking),Tangent road with flat terrain,Y Shape,Asphalt roads,Wet or damp,Darkness - lights lit,Normal,Vehicle with vehicle collision,2,Moving Backward,Not a Pedestrian,Driving carelessly,Slight Injury
17:58:00,Monday,18-30,Male,Elementary school,Employee,1-2yr,Public (> 45 seats),Owner,2-5yrs,No defect,Residential areas,Two-way (divided with broken lines road marking),Gentle horizontal curve,Y Shape,Asphalt roads,Wet or damp,Darkness - lights lit,Normal,Vehicle with vehicle collision,2,Getting off,Not a Pedestrian,Driving carelessly,Slight Injury
17:32:00,Tuesday,18-30,Male,Junior high school,Employee,Above 10yr,Automobile,Owner,5-10yrs,No defect, Church areas,Two-way (divided with broken lines road marking),Tangent road with flat terrain,Y Shape,Asphalt roads,Dry,Daylight,Normal,Vehicle with vehicle collision,3,Going straight,Crossing from nearside - masked by parked or statioNot a Pedestrianry vehicle,Changing lane to the right,Slight Injury
17:32:00,Tuesday,18-30,Male,Above high school,Employee,1-2yr,Pick up upto 10Q,Owner,5-10yrs,No defect,Other,Two-way (divided with broken lines road marking),Tangent road with flat terrain,Y Shape,Asphalt roads,Dry,Daylight,Normal,Vehicle with vehicle collision,3,Going straight,Not a Pedestrian,Driving carelessly,Slight Injury
17:32:00,Tuesday,18-30,Male,Junior high school,Employee,Above 10yr,Stationwagen,Owner,Unknown,No defect,Residential areas,Two-way (divided with broken lines road marking),Tangent road with flat terrain,Y Shape,Asphalt roads,Dry,Daylight,Normal,Vehicle with vehicle collision,3,Turnover,Not a Pedestrian,Changing lane to the left,Slight Injury
8:50:00,Wednesday,Over 51,Male,Junior high school,Employee,1-2yr,Other,Owner,2-5yrs,No defect,Other,Undivided Two way,Tangent road with flat terrain,Y Shape,Asphalt roads,Dry,Daylight,Normal,Other,2,Moving Backward,Not a Pedestrian,Driving carelessly,Slight Injury
8:50:00,Wednesday,Over 51,Male,Junior high school,Employee,5-10yr,Automobile,Owner,2-5yrs,No defect,Residential areas,Undivided Two way,Tangent road with flat terrain,Y Shape,Asphalt roads,Dry,Daylight,Normal,Vehicle with vehicle collision,2,Going straight,Not a Pedestrian,Driving carelessly,Slight Injury
12:20:00,Saturday,18-30,Male,Junior high school,Employee,2-5yr,Automobile,Owner,2-5yrs,No defect,Residential areas,Two-way (divided with broken lines road marking),Tangent road with flat terrain,Crossing,Asphalt roads,Dry,Daylight,Normal,Collision with roadside objects,2,Moving Backward,Crossing from nearside - masked by parked or statioNot a Pedestrianry vehicle,Driving under the influence of drugs,Slight Injury
12:20:00,Saturday,18-30,Male,Junior high school,Employee,2-5yr,Stationwagen,Owner,5-10yrs,No defect,Other,Two-way (divided with broken lines road marking),Tangent road with flat terrain,Crossing,Asphalt roads,Dry,Daylight,Normal,Vehicle with vehicle collision,2,Going straight,Crossing from driver's nearside,Driving carelessly,Slight Injury
12:20:00,Saturday,18-30,Male,Junior high school,Employee,2-5yr,Pick up upto 10Q,Owner,Unknown,No defect,Other,Two-way (divided with broken lines road marking),Tangent road with flat terrain,Crossing,Asphalt roads,Dry,Daylight,Normal,Vehicle with vehicle collision,2,Going straight,Not a Pedestrian,No distancing,Slight Injury
18:15:00,Saturday,31-50,Male,Junior high school,Employee,2-5yr,Lorry (41?100Q),Owner,Unknown,No defect,Other,Undivided Two way,Tangent road with flat terrain,No junction,Asphalt roads,Dry,Darkness - lights lit,Normal,Vehicle with vehicle collision,1,Going straight,Not a Pedestrian,Driving carelessly,Slight Injury
11:48:00,Sunday,Over 51,Male,Junior high school,Employee,Above 10yr,Automobile,Owner,Unknown,No defect,Other,Double carriageway (median),Tangent road with flat terrain,Y Shape,Asphalt roads,Dry,Daylight,Normal,Vehicle with vehicle collision,2,Going straight,Not a Pedestrian,Driving to the left,Slight Injury
11:48:00,Sunday,18-30,Male,Junior high school,Employee,1-2yr,Automobile,Owner,Unknown,No defect,Residential areas,Two-way (divided with broken lines road marking),Tangent road with flat terrain,Y Shape,Asphalt roads,Dry,Daylight,Normal,Vehicle with vehicle collision,2,Going straight,Not a Pedestrian,Overtaking,Slight Injury
11:45:00,Thursday,18-30,Male,Above high school,Owner,1-2yr,Lorry (41?100Q),Owner,2-5yrs,No defect,  Recreational areas,Undivided Two way,Tangent road with flat terrain,No junction,Asphalt roads,Wet or damp,Daylight,Raining,Vehicle with vehicle collision,2,Going straight,Not a Pedestrian,No distancing,Slight Injury
11:45:00,Thursday,31-50,Male,Above high school,Employee,No Licence,Lorry (41?100Q),Owner,Unknown,No defect,Other,other,Tangent road with flat terrain,No junction,Asphalt roads,Wet or damp,Daylight,Raining,Collision with roadside objects,2,Going straight,Not a Pedestrian,Driving carelessly,Slight Injury
7:55:00,Friday,31-50,Male,Junior high school,Employee,1-2yr,Lorry (41?100Q),Owner,Unknown,No defect,Office areas,Undivided Two way,Tangent road with flat terrain,Y Shape,Asphalt roads,Wet or damp,Daylight,Raining,Collision with roadside objects,2,Going straight,Not a Pedestrian,No priority to vehicle,Slight Injury
7:55:00,Friday,31-50,Male,Junior high school,Employee,5-10yr,Pick up upto 10Q,Owner,2-5yrs,No defect,Other,Undivided Two way,Tangent road with flat terrain,Y Shape,Asphalt roads,Wet or damp,Daylight,Raining,Vehicle with vehicle collision,2,Going straight,Not a Pedestrian,No priority to vehicle,Slight Injury
10:10:00,Tuesday,Over 51,Male,Junior high school,Employee,Above 10yr,Pick up upto 10Q,Owner,Unknown,No defect,Office areas,Undivided Two way,Tangent road with flat terrain,Y Shape,Asphalt roads,Dry,Daylight,Normal,Collision with roadside objects,2,Going straight,Not a Pedestrian,No priority to vehicle,Slight Injury
10:10:00,Tuesday,Over 51,Male,Junior high school,Employee,Above 10yr,Automobile,Owner,Unknown,No defect,Office areas,One way,Tangent road with flat terrain,Y Shape,Asphalt roads,Dry,Daylight,Normal,Collision with roadside objects,2,Going straight,Not a Pedestrian,No priority to vehicle,Slight Injury
21:10:00,Tuesday,18-30,Male,Junior high school,Owner,5-10yr,Other,Owner,Unknown,No defect,Office areas,Undivided Two way,Tangent road with flat terrain,Y Shape,Asphalt roads,Wet or damp,Darkness - lights lit,Normal,Vehicle with vehicle collision,2,Other,Not a Pedestrian,No distancing,Slight Injury
21:10:00,Tuesday,31-50,Male,Elementary school,Employee,2-5yr,Automobile,Owner,Unknown,No defect,Other,Undivided Two way,Tangent road with flat terrain,Y Shape,Asphalt roads,Wet or damp,Darkness - lights lit,Normal,Vehicle with vehicle collision,2,Other,Not a Pedestrian,Moving Backward,Slight Injury
9:50:00,Friday,Over 51,Male,Junior high school,Employee,2-5yr,Automobile,Governmental,Unknown,No defect,Other,Double carriageway (median),Tangent road with flat terrain,Y Shape,Asphalt roads,Wet or damp,Daylight,Raining,Collision with roadside objects,2,Going straight,Not a Pedestrian,No distancing,Slight Injury
9:50:00,Friday,Over 51,Male,Junior high school,Employee,Below 1yr,Motorcycle,Owner,Unknown,No defect,Office areas,Two-way (divided with solid lines road marking),Tangent road with flat terrain,Y Shape,Asphalt roads,Wet or damp,Daylight,Raining,Vehicle with vehicle collision,2,Going straight,Not a Pedestrian,Changing lane to the left,Slight Injury
9:50:00,Friday,31-50,Male,Junior high school,Employee,2-5yr,Automobile,Owner,Unknown,No defect,Residential areas,other,Tangent road with flat terrain,Y Shape,Asphalt roads,Wet or damp,Daylight,Raining,Vehicle with vehicle collision,2,Getting off,Not a Pedestrian,Changing lane to the left,Slight Injury
20:10:00,Wednesday,18-30,Male,Junior high school,Employee,2-5yr,Automobile,Governmental,2-5yrs,No defect,  Recreational areas,Undivided Two way,Tangent road with flat terrain,Y Shape,Asphalt roads,Wet or damp,Darkness - lights lit,Cloudy,Vehicle with vehicle collision,2,Going straight,Not a Pedestrian,No priority to pedestrian,Slight Injury
20:10:00,Wednesday,18-30,Male,Elementary school,Employee,5-10yr,Public (12 seats),Owner,1-2yr,No defect,Other,other,Tangent road with flat terrain,Y Shape,Asphalt roads,Wet or damp,Darkness - lights lit,Cloudy,Vehicle with vehicle collision,2,Going straight,Not a Pedestrian,Moving Backward,Slight Injury
17:20:00,Tuesday,31-50,Male,Junior high school,Employee,Above 10yr,Long lorry,Owner,Above 10yr,No defect,Residential areas,other,Tangent road with flat terrain,Y Shape,Asphalt roads,Wet or damp,Darkness - lights lit,Raining,Vehicle with vehicle collision,2,Going straight,Not a Pedestrian,Changing lane to the left,Slight Injury
17:20:00,Tuesday,Under 18,Male,Junior high school,Employee,5-10yr,Automobile,Owner,Unknown,No defect,Other,other,Tangent road with flat terrain,Y Shape,Asphalt roads,Wet or damp,Darkness - lights lit,Raining,Vehicle with vehicle collision,2,Going straight,Not a Pedestrian,No distancing,Slight Injury
15:25:00,Sunday,18-30,Male,Junior high school,Employee,2-5yr,Automobile,Owner,Unknown,No defect,Other,other,Tangent road with flat terrain,No junction,Asphalt roads,Wet or damp,Daylight,Raining,Collision with pedestrians,2,Going straight,Not a Pedestrian,No priority to vehicle,Slight Injury
15:25:00,Sunday,31-50,Male,Junior high school,Employee,5-10yr,Public (> 45 seats),Owner,5-10yrs,No defect,Other,One way,Tangent road with flat terrain,No junction,Asphalt roads,Wet or damp,Daylight,Raining,Vehicle with vehicle collision,2,Getting off,Not a Pedestrian,Changing lane to the right,Slight Injury
15:25:00,Sunday,31-50,Male,Above high school,Employee,2-5yr,Pick up upto 10Q,Owner,Unknown,No defect,Other,Two-way (divided with broken lines road marking),Tangent road with flat terrain,No junction,Asphalt roads,Wet or damp,Daylight,Raining,Collision with roadside objects,2,Going straight,Not a Pedestrian,No distancing,Slight Injury
15:35:00,Wednesday,Over 51,Male,Junior high school,Employee,Above 10yr,Lorry (41?100Q),Owner,2-5yrs,No defect,Other,other,Tangent road with flat terrain,Y Shape,Asphalt roads,Wet or damp,Daylight,Raining,Vehicle with vehicle collision,1,Going straight,Not a Pedestrian,No distancing,Serious Injury
15:30:00,Tuesday,18-30,Male,Junior high school,Employee,1-2yr,Automobile,Owner,Unknown,No defect,School areas,Undivided Two way,Tangent road with flat terrain,Crossing,Asphalt roads,Dry,Daylight,Normal,Vehicle with vehicle collision,3,Other,Not a Pedestrian,Getting off the vehicle improperly,Slight Injury
15:30:00,Tuesday,Over 51,Male,Junior high school,Employee,2-5yr,Public (13?45 seats),Owner,5-10yrs,No defect,Office areas,Two-way (divided with broken lines road marking),Tangent road with flat terrain,Crossing,Asphalt roads,Dry,Daylight,Normal,Vehicle with vehicle collision,3,Going straight,Not a Pedestrian,No priority to pedestrian,Slight Injury
15:30:00,Tuesday,Over 51,Male,Junior high school,Employee,Above 10yr,Automobile,Owner,Unknown,No defect,Office areas,Two-way (divided with broken lines road marking),Tangent road with flat terrain,Crossing,Asphalt roads,Dry,Daylight,Normal,Vehicle with vehicle collision,3,Going straight,Not a Pedestrian,Changing lane to the left,Slight Injury
15:30:00,Tuesday,31-50,Male,Junior high school,Employee,Below 1yr,Public (> 45 seats),Owner,5-10yrs,No defect,Office areas,Two-way (divided with broken lines road marking),Tangent road with flat terrain,Crossing,Asphalt roads,Dry,Daylight,Normal,Vehicle with vehicle collision,3,Going straight,Not a Pedestrian,No distancing,Slight Injury
11:10:00,Thursday,Over 51,Male,Junior high school,Employee,2-5yr,Public (12 seats),Owner,Unknown,No defect,School areas,Undivided Two way,Tangent road with flat terrain,No junction,Asphalt roads,Dry,Daylight,Normal,Vehicle with vehicle collision,1,Going straight,Not a Pedestrian,Driving carelessly,Slight Injury
18:20:00,Tuesday,Unknown,Female,Junior high school,Employee,Below 1yr,Automobile,Governmental,1-2yr,No defect,School areas,Undivided Two way,Tangent road with flat terrain,No junction,Asphalt roads,Wet or damp,Darkness - lights lit,Windy,Vehicle with vehicle collision,1,Going straight,Not a Pedestrian,No distancing,Slight Injury